Workbook

Sheet Dashboard

Sheet Águas
A1: ID | B1: Nome | C1: Origem | D1: EC | E1: pH | F1: Ca | G1: Mg | H1: Na | I1: K | J1: Fe | K1: CI | L1: SO4 | M1: HCO3

Sheet Agua
A1: Parametro | B1: Valor | D1: Nutriente | E1: ppm
A2: Nome da água | D2: Ca
A3: Origem | D3: Mg
A4: EC | D4: Na
A5: pH | D5: K
A6: Temperatura | D6: S
D7: CI
D8: HCO3
D9: FE

Sheet Fertilizante
A1: ID | B1: Produto | C1: Fabricante | D1: Formula | E1: N | F1: P | G1: K | H1: Ca | I1: Mg | J1: S | K1: Fe | L1: Mn | M1: Zn | N1: B | O1: Cu | P1: Mo | Q1: Solubilidade (g/L) | R1: Preço (R$/Kg) | S1: Grupo de concentrado | T1: Observações | U1: Categoria | V1: Elemnto Principal
A2: F001 | B2: Nitrato de cálcio | E2: 14 | H2: 16 | S2: A | U2: Macronutrientes | V2: Ca
A3: F002 | B3: Nitrato de potássio | E3: 12 | G3: 45 | S3: B | U3: Macronutrientes | V3: K
A4: F003 | B4: MKP | F4: 51 | G4: 30 | S4: B | U4: Macronutrientes | V4: P
A5: F004 | B5: Sulfato de magnésio | I5: 9 | J5: 11 | S5: B | U5: Macronutrientes | V5: Mg
A6: F005 | B6: Sulfato de potássio | G6: 50 | J6: 17 | S6: B | U6: Macronutrientes | V6: K
A7: F006 | B7: Micromix Rigrantec | E7: 4 | K7: 7 | L7: 3.3 | M7: 0.6 | N7: 0.7 | O7: 0.2 | P7: 0.1 | S7: B | U7: Micronutrientes | V7: Micro

Sheet Metas
A1: Nutriente | B1: Alvo MVP | C1: Muda | D1: Vegetativo | E1: Stretch | F1: Floração | G1: Final
A2: N
A3: P
A4: K
A5: Ca
A6: Mg
A7: S
A8: Fe
A9: Mn
A10: Zn
A11: B
A12: Cu
A13: Mo

Sheet Formulação
A1: Campo | B1: Valor | F1: ==============================
A2: Nome da Receita
A3: Data | F3: RESUMO
A4: Cultivar
A5: Substrato | F5: Volume:
A6: Fase
A7: Volume da solução (L) | B7: 10 | F7: EC Estimado:
A8: Água utilizada
A9: EC da água | F9: pH Alvo:
A10: pH da água
F11: Score:
A13: Fertilizante | B13: g/L | C13: Quantidade Total (g) | F13: Status:
C14: =Tabela13[[#This Row],[g/L]]*$B$7 -> 0
C15: =Tabela13[[#This Row],[g/L]]*$B$7 -> 0 | F15: ==============================
C16: =Tabela13[[#This Row],[g/L]]*$B$7 -> 0
C17: =Tabela13[[#This Row],[g/L]]*$B$7 -> 0
C18: =Tabela13[[#This Row],[g/L]]*$B$7 -> 0
C19: =Tabela13[[#This Row],[g/L]]*$B$7 -> 0
C20: =Tabela13[[#This Row],[g/L]]*$B$7 -> 0
C21: =Tabela13[[#This Row],[g/L]]*$B$7 -> 0
C22: =Tabela13[[#This Row],[g/L]]*$B$7 -> 0
C23: =Tabela13[[#This Row],[g/L]]*$B$7 -> 0
C24: =Tabela13[[#This Row],[g/L]]*$B$7 -> 0
C25: =Tabela13[[#This Row],[g/L]]*$B$7 -> 0
C26: =Tabela13[[#This Row],[g/L]]*$B$7 -> 0
C27: =Tabela13[[#This Row],[g/L]]*$B$7 -> 0
C28: =Tabela13[[#This Row],[g/L]]*$B$7 -> 0

Sheet Core
A1: Ferilizante | B1: g/L | C1: N | D1: P | E1: K | F1: Ca | G1: Mg | H1: S | I1: Fe | J1: Mn | K1: Zn | L1: B | M1: Cu | N1: Mo | O1: Custo Total | P1: Massa total (g) | Q1: Status | R1: N ppm | S1: P ppm | T1: K ppm | U1: Ca ppm | V1: Mg ppm | W1: S ppm | X1: Fe ppm | Y1: Mn ppm | Z1: Zn ppm | AA1: B ppm | AB1: Cu ppm | AC1: Mo ppm
A2: =Formulação!A14 -> 0 | B2: =Formulação!B14 -> 0 | C2: =IFERROR(_xlfn.XLOOKUP(A2,tbFertilizantes[Produto],tbFertilizantes[N]),0) -> 0 | D2: =_xlfn.XLOOKUP(A2,tbFertilizantes[Produto],tbFertilizantes[P],0) -> 0 | E2: =_xlfn.XLOOKUP(A2,tbFertilizantes[Produto],tbFertilizantes[K],0) -> 0 | F2: =_xlfn.XLOOKUP(A2,tbFertilizantes[Produto],tbFertilizantes[Ca],0) -> 0 | G2: =_xlfn.XLOOKUP(A2,tbFertilizantes[Produto],tbFertilizantes[Mg],0) -> 0 | H2: =_xlfn.XLOOKUP(A2,tbFertilizantes[Produto],tbFertilizantes[S],0) -> 0 | I2: =_xlfn.XLOOKUP(A2,tbFertilizantes[Produto],tbFertilizantes[Fe],0) -> 0 | J2: =_xlfn.XLOOKUP(A2,tbFertilizantes[Produto],tbFertilizantes[Zn],0) -> 0 | K2: =_xlfn.XLOOKUP(A2,tbFertilizantes[Produto],tbFertilizantes[Zn],0) -> 0 | L2: =_xlfn.XLOOKUP(A2,tbFertilizantes[Produto],tbFertilizantes[B],0) -> 0 | M2: =_xlfn.XLOOKUP(A2,tbFertilizantes[Produto],tbFertilizantes[Cu],0) -> 0 | N2: =_xlfn.XLOOKUP(A2,tbFertilizantes[Produto],tbFertilizantes[Mo],0) -> 0 | Q2: =IF(COUNTA(A2:A16)>0,"✅ Calculando","⚪ Sem dados") -> ✅ Calculando | R2: =tbCore[[#This Row],[ g/L]]*tbCore[[#This Row],[N]]*10 -> 0 | S2: =tbCore[[#This Row],[ g/L]]*tbCore[[#This Row],[P]]*10 -> 0 | T2: =tbCore[[#This Row],[ g/L]]*tbCore[[#This Row],[K]]*10 -> 0 | U2: =tbCore[[#This Row],[ g/L]]*tbCore[[#This Row],[Ca]]*10 -> 0 | V2: =tbCore[[#This Row],[ g/L]]*tbCore[[#This Row],[Mg]]*10 -> 0 | W2: =tbCore[[#This Row],[ g/L]]*tbCore[[#This Row],[S]]*10 -> 0 | X2: =tbCore[[#This Row],[ g/L]]*tbCore[[#This Row],[Fe]]*10 -> 0 | Y2: =tbCore[[#This Row],[ g/L]]*tbCore[[#This Row],[Mn]]*10 -> 0 | Z2: =tbCore[[#This Row],[ g/L]]*tbCore[[#This Row],[Zn]]*10 -> 0 | AA2: =tbCore[[#This Row],[ g/L]]*tbCore[[#This Row],[B]]*10 -> 0 | AB2: =tbCore[[#This Row],[ g/L]]*tbCore[[#This Row],[Cu]]*10 -> 0 | AC2: =tbCore[[#This Row],[ g/L]]*tbCore[[#This Row],[Mo]]*10 -> 0
A3: =Formulação!A15 -> 0 | B3: =Formulação!B15 -> 0 | C3: =IFERROR(_xlfn.XLOOKUP(A3,tbFertilizantes[Produto],tbFertilizantes[N]),0) -> 0 | D3: =_xlfn.XLOOKUP(A3,tbFertilizantes[Produto],tbFertilizantes[P],0) -> 0 | E3: =_xlfn.XLOOKUP(A3,tbFertilizantes[Produto],tbFertilizantes[K],0) -> 0 | F3: =_xlfn.XLOOKUP(A3,tbFertilizantes[Produto],tbFertilizantes[Ca],0) -> 0 | G3: =_xlfn.XLOOKUP(A3,tbFertilizantes[Produto],tbFertilizantes[Mg],0) -> 0 | H3: =_xlfn.XLOOKUP(A3,tbFertilizantes[Produto],tbFertilizantes[S],0) -> 0 | I3: =_xlfn.XLOOKUP(A3,tbFertilizantes[Produto],tbFertilizantes[Fe],0) -> 0 | J3: =_xlfn.XLOOKUP(A3,tbFertilizantes[Produto],tbFertilizantes[Zn],0) -> 0 | K3: =_xlfn.XLOOKUP(A3,tbFertilizantes[Produto],tbFertilizantes[Zn],0) -> 0 | L3: =_xlfn.XLOOKUP(A3,tbFertilizantes[Produto],tbFertilizantes[B],0) -> 0 | M3: =_xlfn.XLOOKUP(A3,tbFertilizantes[Produto],tbFertilizantes[Cu],0) -> 0 | N3: =_xlfn.XLOOKUP(A3,tbFertilizantes[Produto],tbFertilizantes[Mo],0) -> 0 | Q3: =IF(COUNTA(A3:A17)>0,"✅ Calculando","⚪ Sem dados") -> ✅ Calculando | R3: =tbCore[[#This Row],[ g/L]]*tbCore[[#This Row],[N]]*10 -> 0 | S3: =tbCore[[#This Row],[ g/L]]*tbCore[[#This Row],[P]]*10 -> 0 | T3: =tbCore[[#This Row],[ g/L]]*tbCore[[#This Row],[K]]*10 -> 0 | U3: =tbCore[[#This Row],[ g/L]]*tbCore[[#This Row],[Ca]]*10 -> 0 | V3: =tbCore[[#This Row],[ g/L]]*tbCore[[#This Row],[Mg]]*10 -> 0 | W3: =tbCore[[#This Row],[ g/L]]*tbCore[[#This Row],[S]]*10 -> 0 | X3: =tbCore[[#This Row],[ g/L]]*tbCore[[#This Row],[Fe]]*10 -> 0 | Y3: =tbCore[[#This Row],[ g/L]]*tbCore[[#This Row],[Mn]]*10 -> 0 | Z3: =tbCore[[#This Row],[ g/L]]*tbCore[[#This Row],[Zn]]*10 -> 0 | AA3: =tbCore[[#This Row],[ g/L]]*tbCore[[#This Row],[B]]*10 -> 0 | AB3: =tbCore[[#This Row],[ g/L]]*tbCore[[#This Row],[Cu]]*10 -> 0 | AC3: =tbCore[[#This Row],[ g/L]]*tbCore[[#This Row],[Mo]]*10 -> 0
A4: =Formulação!A16 -> 0 | B4: =Formulação!B16 -> 0 | C4: =IFERROR(_xlfn.XLOOKUP(A4,tbFertilizantes[Produto],tbFertilizantes[N]),0) -> 0 | D4: =_xlfn.XLOOKUP(A4,tbFertilizantes[Produto],tbFertilizantes[P],0) -> 0 | E4: =_xlfn.XLOOKUP(A4,tbFertilizantes[Produto],tbFertilizantes[K],0) -> 0 | F4: =_xlfn.XLOOKUP(A4,tbFertilizantes[Produto],tbFertilizantes[Ca],0) -> 0 | G4: =_xlfn.XLOOKUP(A4,tbFertilizantes[Produto],tbFertilizantes[Mg],0) -> 0 | H4: =_xlfn.XLOOKUP(A4,tbFertilizantes[Produto],tbFertilizantes[S],0) -> 0 | I4: =_xlfn.XLOOKUP(A4,tbFertilizantes[Produto],tbFertilizantes[Fe],0) -> 0 | J4: =_xlfn.XLOOKUP(A4,tbFertilizantes[Produto],tbFertilizantes[Zn],0) -> 0 | K4: =_xlfn.XLOOKUP(A4,tbFertilizantes[Produto],tbFertilizantes[Zn],0) -> 0 | L4: =_xlfn.XLOOKUP(A4,tbFertilizantes[Produto],tbFertilizantes[B],0) -> 0 | M4: =_xlfn.XLOOKUP(A4,tbFertilizantes[Produto],tbFertilizantes[Cu],0) -> 0 | N4: =_xlfn.XLOOKUP(A4,tbFertilizantes[Produto],tbFertilizantes[Mo],0) -> 0 | Q4: =IF(COUNTA(A4:A18)>0,"✅ Calculando","⚪ Sem dados") -> ✅ Calculando | R4: =tbCore[[#This Row],[ g/L]]*tbCore[[#This Row],[N]]*10 -> 0 | S4: =tbCore[[#This Row],[ g/L]]*tbCore[[#This Row],[P]]*10 -> 0 | T4: =tbCore[[#This Row],[ g/L]]*tbCore[[#This Row],[K]]*10 -> 0 | U4: =tbCore[[#This Row],[ g/L]]*tbCore[[#This Row],[Ca]]*10 -> 0 | V4: =tbCore[[#This Row],[ g/L]]*tbCore[[#This Row],[Mg]]*10 -> 0 | W4: =tbCore[[#This Row],[ g/L]]*tbCore[[#This Row],[S]]*10 -> 0 | X4: =tbCore[[#This Row],[ g/L]]*tbCore[[#This Row],[Fe]]*10 -> 0 | Y4: =tbCore[[#This Row],[ g/L]]*tbCore[[#This Row],[Mn]]*10 -> 0 | Z4: =tbCore[[#This Row],[ g/L]]*tbCore[[#This Row],[Zn]]*10 -> 0 | AA4: =tbCore[[#This Row],[ g/L]]*tbCore[[#This Row],[B]]*10 -> 0 | AB4: =tbCore[[#This Row],[ g/L]]*tbCore[[#This Row],[Cu]]*10 -> 0 | AC4: =tbCore[[#This Row],[ g/L]]*tbCore[[#This Row],[Mo]]*10 -> 0
A5: =Formulação!A17 -> 0 | B5: =Formulação!B17 -> 0 | C5: =IFERROR(_xlfn.XLOOKUP(A5,tbFertilizantes[Produto],tbFertilizantes[N]),0) -> 0 | D5: =_xlfn.XLOOKUP(A5,tbFertilizantes[Produto],tbFertilizantes[P],0) -> 0 | E5: =_xlfn.XLOOKUP(A5,tbFertilizantes[Produto],tbFertilizantes[K],0) -> 0 | F5: =_xlfn.XLOOKUP(A5,tbFertilizantes[Produto],tbFertilizantes[Ca],0) -> 0 | G5: =_xlfn.XLOOKUP(A5,tbFertilizantes[Produto],tbFertilizantes[Mg],0) -> 0 | H5: =_xlfn.XLOOKUP(A5,tbFertilizantes[Produto],tbFertilizantes[S],0) -> 0 | I5: =_xlfn.XLOOKUP(A5,tbFertilizantes[Produto],tbFertilizantes[Fe],0) -> 0 | J5: =_xlfn.XLOOKUP(A5,tbFertilizantes[Produto],tbFertilizantes[Zn],0) -> 0 | K5: =_xlfn.XLOOKUP(A5,tbFertilizantes[Produto],tbFertilizantes[Zn],0) -> 0 | L5: =_xlfn.XLOOKUP(A5,tbFertilizantes[Produto],tbFertilizantes[B],0) -> 0 | M5: =_xlfn.XLOOKUP(A5,tbFertilizantes[Produto],tbFertilizantes[Cu],0) -> 0 | N5: =_xlfn.XLOOKUP(A5,tbFertilizantes[Produto],tbFertilizantes[Mo],0) -> 0 | Q5: =IF(COUNTA(A5:A19)>0,"✅ Calculando","⚪ Sem dados") -> ✅ Calculando | R5: =tbCore[[#This Row],[ g/L]]*tbCore[[#This Row],[N]]*10 -> 0 | S5: =tbCore[[#This Row],[ g/L]]*tbCore[[#This Row],[P]]*10 -> 0 | T5: =tbCore[[#This Row],[ g/L]]*tbCore[[#This Row],[K]]*10 -> 0 | U5: =tbCore[[#This Row],[ g/L]]*tbCore[[#This Row],[Ca]]*10 -> 0 | V5: =tbCore[[#This Row],[ g/L]]*tbCore[[#This Row],[Mg]]*10 -> 0 | W5: =tbCore[[#This Row],[ g/L]]*tbCore[[#This Row],[S]]*10 -> 0 | X5: =tbCore[[#This Row],[ g/L]]*tbCore[[#This Row],[Fe]]*10 -> 0 | Y5: =tbCore[[#This Row],[ g/L]]*tbCore[[#This Row],[Mn]]*10 -> 0 | Z5: =tbCore[[#This Row],[ g/L]]*tbCore[[#This Row],[Zn]]*10 -> 0 | AA5: =tbCore[[#This Row],[ g/L]]*tbCore[[#This Row],[B]]*10 -> 0 | AB5: =tbCore[[#This Row],[ g/L]]*tbCore[[#This Row],[Cu]]*10 -> 0 | AC5: =tbCore[[#This Row],[ g/L]]*tbCore[[#This Row],[Mo]]*10 -> 0
A6: =Formulação!A18 -> 0 | B6: =Formulação!B18 -> 0 | C6: =IFERROR(_xlfn.XLOOKUP(A6,tbFertilizantes[Produto],tbFertilizantes[N]),0) -> 0 | D6: =_xlfn.XLOOKUP(A6,tbFertilizantes[Produto],tbFertilizantes[P],0) -> 0 | E6: =_xlfn.XLOOKUP(A6,tbFertilizantes[Produto],tbFertilizantes[K],0) -> 0 | F6: =_xlfn.XLOOKUP(A6,tbFertilizantes[Produto],tbFertilizantes[Ca],0) -> 0 | G6: =_xlfn.XLOOKUP(A6,tbFertilizantes[Produto],tbFertilizantes[Mg],0) -> 0 | H6: =_xlfn.XLOOKUP(A6,tbFertilizantes[Produto],tbFertilizantes[S],0) -> 0 | I6: =_xlfn.XLOOKUP(A6,tbFertilizantes[Produto],tbFertilizantes[Fe],0) -> 0 | J6: =_xlfn.XLOOKUP(A6,tbFertilizantes[Produto],tbFertilizantes[Zn],0) -> 0 | K6: =_xlfn.XLOOKUP(A6,tbFertilizantes[Produto],tbFertilizantes[Zn],0) -> 0 | L6: =_xlfn.XLOOKUP(A6,tbFertilizantes[Produto],tbFertilizantes[B],0) -> 0 | M6: =_xlfn.XLOOKUP(A6,tbFertilizantes[Produto],tbFertilizantes[Cu],0) -> 0 | N6: =_xlfn.XLOOKUP(A6,tbFertilizantes[Produto],tbFertilizantes[Mo],0) -> 0 | Q6: =IF(COUNTA(A6:A20)>0,"✅ Calculando","⚪ Sem dados") -> ✅ Calculando | R6: =tbCore[[#This Row],[ g/L]]*tbCore[[#This Row],[N]]*10 -> 0 | S6: =tbCore[[#This Row],[ g/L]]*tbCore[[#This Row],[P]]*10 -> 0 | T6: =tbCore[[#This Row],[ g/L]]*tbCore[[#This Row],[K]]*10 -> 0 | U6: =tbCore[[#This Row],[ g/L]]*tbCore[[#This Row],[Ca]]*10 -> 0 | V6: =tbCore[[#This Row],[ g/L]]*tbCore[[#This Row],[Mg]]*10 -> 0 | W6: =tbCore[[#This Row],[ g/L]]*tbCore[[#This Row],[S]]*10 -> 0 | X6: =tbCore[[#This Row],[ g/L]]*tbCore[[#This Row],[Fe]]*10 -> 0 | Y6: =tbCore[[#This Row],[ g/L]]*tbCore[[#This Row],[Mn]]*10 -> 0 | Z6: =tbCore[[#This Row],[ g/L]]*tbCore[[#This Row],[Zn]]*10 -> 0 | AA6: =tbCore[[#This Row],[ g/L]]*tbCore[[#This Row],[B]]*10 -> 0 | AB6: =tbCore[[#This Row],[ g/L]]*tbCore[[#This Row],[Cu]]*10 -> 0 | AC6: =tbCore[[#This Row],[ g/L]]*tbCore[[#This Row],[Mo]]*10 -> 0
A7: =Formulação!A19 -> 0 | B7: =Formulação!B19 -> 0 | C7: =IFERROR(_xlfn.XLOOKUP(A7,tbFertilizantes[Produto],tbFertilizantes[N]),0) -> 0 | D7: =_xlfn.XLOOKUP(A7,tbFertilizantes[Produto],tbFertilizantes[P],0) -> 0 | E7: =_xlfn.XLOOKUP(A7,tbFertilizantes[Produto],tbFertilizantes[K],0) -> 0 | F7: =_xlfn.XLOOKUP(A7,tbFertilizantes[Produto],tbFertilizantes[Ca],0) -> 0 | G7: =_xlfn.XLOOKUP(A7,tbFertilizantes[Produto],tbFertilizantes[Mg],0) -> 0 | H7: =_xlfn.XLOOKUP(A7,tbFertilizantes[Produto],tbFertilizantes[S],0) -> 0 | I7: =_xlfn.XLOOKUP(A7,tbFertilizantes[Produto],tbFertilizantes[Fe],0) -> 0 | J7: =_xlfn.XLOOKUP(A7,tbFertilizantes[Produto],tbFertilizantes[Zn],0) -> 0 | K7: =_xlfn.XLOOKUP(A7,tbFertilizantes[Produto],tbFertilizantes[Zn],0) -> 0 | L7: =_xlfn.XLOOKUP(A7,tbFertilizantes[Produto],tbFertilizantes[B],0) -> 0 | M7: =_xlfn.XLOOKUP(A7,tbFertilizantes[Produto],tbFertilizantes[Cu],0) -> 0 | N7: =_xlfn.XLOOKUP(A7,tbFertilizantes[Produto],tbFertilizantes[Mo],0) -> 0 | Q7: =IF(COUNTA(A7:A21)>0,"✅ Calculando","⚪ Sem dados") -> ✅ Calculando | R7: =tbCore[[#This Row],[ g/L]]*tbCore[[#This Row],[N]]*10 -> 0 | S7: =tbCore[[#This Row],[ g/L]]*tbCore[[#This Row],[P]]*10 -> 0 | T7: =tbCore[[#This Row],[ g/L]]*tbCore[[#This Row],[K]]*10 -> 0 | U7: =tbCore[[#This Row],[ g/L]]*tbCore[[#This Row],[Ca]]*10 -> 0 | V7: =tbCore[[#This Row],[ g/L]]*tbCore[[#This Row],[Mg]]*10 -> 0 | W7: =tbCore[[#This Row],[ g/L]]*tbCore[[#This Row],[S]]*10 -> 0 | X7: =tbCore[[#This Row],[ g/L]]*tbCore[[#This Row],[Fe]]*10 -> 0 | Y7: =tbCore[[#This Row],[ g/L]]*tbCore[[#This Row],[Mn]]*10 -> 0 | Z7: =tbCore[[#This Row],[ g/L]]*tbCore[[#This Row],[Zn]]*10 -> 0 | AA7: =tbCore[[#This Row],[ g/L]]*tbCore[[#This Row],[B]]*10 -> 0 | AB7: =tbCore[[#This Row],[ g/L]]*tbCore[[#This Row],[Cu]]*10 -> 0 | AC7: =tbCore[[#This Row],[ g/L]]*tbCore[[#This Row],[Mo]]*10 -> 0
A8: =Formulação!A20 -> 0 | B8: =Formulação!B20 -> 0 | C8: =IFERROR(_xlfn.XLOOKUP(A8,tbFertilizantes[Produto],tbFertilizantes[N]),0) -> 0 | D8: =_xlfn.XLOOKUP(A8,tbFertilizantes[Produto],tbFertilizantes[P],0) -> 0 | E8: =_xlfn.XLOOKUP(A8,tbFertilizantes[Produto],tbFertilizantes[K],0) -> 0 | F8: =_xlfn.XLOOKUP(A8,tbFertilizantes[Produto],tbFertilizantes[Ca],0) -> 0 | G8: =_xlfn.XLOOKUP(A8,tbFertilizantes[Produto],tbFertilizantes[Mg],0) -> 0 | H8: =_xlfn.XLOOKUP(A8,tbFertilizantes[Produto],tbFertilizantes[S],0) -> 0 | I8: =_xlfn.XLOOKUP(A8,tbFertilizantes[Produto],tbFertilizantes[Fe],0) -> 0 | J8: =_xlfn.XLOOKUP(A8,tbFertilizantes[Produto],tbFertilizantes[Zn],0) -> 0 | K8: =_xlfn.XLOOKUP(A8,tbFertilizantes[Produto],tbFertilizantes[Zn],0) -> 0 | L8: =_xlfn.XLOOKUP(A8,tbFertilizantes[Produto],tbFertilizantes[B],0) -> 0 | M8: =_xlfn.XLOOKUP(A8,tbFertilizantes[Produto],tbFertilizantes[Cu],0) -> 0 | N8: =_xlfn.XLOOKUP(A8,tbFertilizantes[Produto],tbFertilizantes[Mo],0) -> 0 | Q8: =IF(COUNTA(A8:A22)>0,"✅ Calculando","⚪ Sem dados") -> ✅ Calculando | R8: =tbCore[[#This Row],[ g/L]]*tbCore[[#This Row],[N]]*10 -> 0 | S8: =tbCore[[#This Row],[ g/L]]*tbCore[[#This Row],[P]]*10 -> 0 | T8: =tbCore[[#This Row],[ g/L]]*tbCore[[#This Row],[K]]*10 -> 0 | U8: =tbCore[[#This Row],[ g/L]]*tbCore[[#This Row],[Ca]]*10 -> 0 | V8: =tbCore[[#This Row],[ g/L]]*tbCore[[#This Row],[Mg]]*10 -> 0 | W8: =tbCore[[#This Row],[ g/L]]*tbCore[[#This Row],[S]]*10 -> 0 | X8: =tbCore[[#This Row],[ g/L]]*tbCore[[#This Row],[Fe]]*10 -> 0 | Y8: =tbCore[[#This Row],[ g/L]]*tbCore[[#This Row],[Mn]]*10 -> 0 | Z8: =tbCore[[#This Row],[ g/L]]*tbCore[[#This Row],[Zn]]*10 -> 0 | AA8: =tbCore[[#This Row],[ g/L]]*tbCore[[#This Row],[B]]*10 -> 0 | AB8: =tbCore[[#This Row],[ g/L]]*tbCore[[#This Row],[Cu]]*10 -> 0 | AC8: =tbCore[[#This Row],[ g/L]]*tbCore[[#This Row],[Mo]]*10 -> 0
A9: =Formulação!A21 -> 0 | B9: =Formulação!B21 -> 0 | C9: =IFERROR(_xlfn.XLOOKUP(A9,tbFertilizantes[Produto],tbFertilizantes[N]),0) -> 0 | D9: =_xlfn.XLOOKUP(A9,tbFertilizantes[Produto],tbFertilizantes[P],0) -> 0 | E9: =_xlfn.XLOOKUP(A9,tbFertilizantes[Produto],tbFertilizantes[K],0) -> 0 | F9: =_xlfn.XLOOKUP(A9,tbFertilizantes[Produto],tbFertilizantes[Ca],0) -> 0 | G9: =_xlfn.XLOOKUP(A9,tbFertilizantes[Produto],tbFertilizantes[Mg],0) -> 0 | H9: =_xlfn.XLOOKUP(A9,tbFertilizantes[Produto],tbFertilizantes[S],0) -> 0 | I9: =_xlfn.XLOOKUP(A9,tbFertilizantes[Produto],tbFertilizantes[Fe],0) -> 0 | J9: =_xlfn.XLOOKUP(A9,tbFertilizantes[Produto],tbFertilizantes[Zn],0) -> 0 | K9: =_xlfn.XLOOKUP(A9,tbFertilizantes[Produto],tbFertilizantes[Zn],0) -> 0 | L9: =_xlfn.XLOOKUP(A9,tbFertilizantes[Produto],tbFertilizantes[B],0) -> 0 | M9: =_xlfn.XLOOKUP(A9,tbFertilizantes[Produto],tbFertilizantes[Cu],0) -> 0 | N9: =_xlfn.XLOOKUP(A9,tbFertilizantes[Produto],tbFertilizantes[Mo],0) -> 0 | Q9: =IF(COUNTA(A9:A23)>0,"✅ Calculando","⚪ Sem dados") -> ✅ Calculando | R9: =tbCore[[#This Row],[ g/L]]*tbCore[[#This Row],[N]]*10 -> 0 | S9: =tbCore[[#This Row],[ g/L]]*tbCore[[#This Row],[P]]*10 -> 0 | T9: =tbCore[[#This Row],[ g/L]]*tbCore[[#This Row],[K]]*10 -> 0 | U9: =tbCore[[#This Row],[ g/L]]*tbCore[[#This Row],[Ca]]*10 -> 0 | V9: =tbCore[[#This Row],[ g/L]]*tbCore[[#This Row],[Mg]]*10 -> 0 | W9: =tbCore[[#This Row],[ g/L]]*tbCore[[#This Row],[S]]*10 -> 0 | X9: =tbCore[[#This Row],[ g/L]]*tbCore[[#This Row],[Fe]]*10 -> 0 | Y9: =tbCore[[#This Row],[ g/L]]*tbCore[[#This Row],[Mn]]*10 -> 0 | Z9: =tbCore[[#This Row],[ g/L]]*tbCore[[#This Row],[Zn]]*10 -> 0 | AA9: =tbCore[[#This Row],[ g/L]]*tbCore[[#This Row],[B]]*10 -> 0 | AB9: =tbCore[[#This Row],[ g/L]]*tbCore[[#This Row],[Cu]]*10 -> 0 | AC9: =tbCore[[#This Row],[ g/L]]*tbCore[[#This Row],[Mo]]*10 -> 0
A10: =Formulação!A22 -> 0 | B10: =Formulação!B22 -> 0 | C10: =IFERROR(_xlfn.XLOOKUP(A10,tbFertilizantes[Produto],tbFertilizantes[N]),0) -> 0 | D10: =_xlfn.XLOOKUP(A10,tbFertilizantes[Produto],tbFertilizantes[P],0) -> 0 | E10: =_xlfn.XLOOKUP(A10,tbFertilizantes[Produto],tbFertilizantes[K],0) -> 0 | F10: =_xlfn.XLOOKUP(A10,tbFertilizantes[Produto],tbFertilizantes[Ca],0) -> 0 | G10: =_xlfn.XLOOKUP(A10,tbFertilizantes[Produto],tbFertilizantes[Mg],0) -> 0 | H10: =_xlfn.XLOOKUP(A10,tbFertilizantes[Produto],tbFertilizantes[S],0) -> 0 | I10: =_xlfn.XLOOKUP(A10,tbFertilizantes[Produto],tbFertilizantes[Fe],0) -> 0 | J10: =_xlfn.XLOOKUP(A10,tbFertilizantes[Produto],tbFertilizantes[Zn],0) -> 0 | K10: =_xlfn.XLOOKUP(A10,tbFertilizantes[Produto],tbFertilizantes[Zn],0) -> 0 | L10: =_xlfn.XLOOKUP(A10,tbFertilizantes[Produto],tbFertilizantes[B],0) -> 0 | M10: =_xlfn.XLOOKUP(A10,tbFertilizantes[Produto],tbFertilizantes[Cu],0) -> 0 | N10: =_xlfn.XLOOKUP(A10,tbFertilizantes[Produto],tbFertilizantes[Mo],0) -> 0 | Q10: =IF(COUNTA(A10:A24)>0,"✅ Calculando","⚪ Sem dados") -> ✅ Calculando | R10: =tbCore[[#This Row],[ g/L]]*tbCore[[#This Row],[N]]*10 -> 0 | S10: =tbCore[[#This Row],[ g/L]]*tbCore[[#This Row],[P]]*10 -> 0 | T10: =tbCore[[#This Row],[ g/L]]*tbCore[[#This Row],[K]]*10 -> 0 | U10: =tbCore[[#This Row],[ g/L]]*tbCore[[#This Row],[Ca]]*10 -> 0 | V10: =tbCore[[#This Row],[ g/L]]*tbCore[[#This Row],[Mg]]*10 -> 0 | W10: =tbCore[[#This Row],[ g/L]]*tbCore[[#This Row],[S]]*10 -> 0 | X10: =tbCore[[#This Row],[ g/L]]*tbCore[[#This Row],[Fe]]*10 -> 0 | Y10: =tbCore[[#This Row],[ g/L]]*tbCore[[#This Row],[Mn]]*10 -> 0 | Z10: =tbCore[[#This Row],[ g/L]]*tbCore[[#This Row],[Zn]]*10 -> 0 | AA10: =tbCore[[#This Row],[ g/L]]*tbCore[[#This Row],[B]]*10 -> 0 | AB10: =tbCore[[#This Row],[ g/L]]*tbCore[[#This Row],[Cu]]*10 -> 0 | AC10: =tbCore[[#This Row],[ g/L]]*tbCore[[#This Row],[Mo]]*10 -> 0
A11: =Formulação!A23 -> 0 | B11: =Formulação!B23 -> 0 | C11: =IFERROR(_xlfn.XLOOKUP(A11,tbFertilizantes[Produto],tbFertilizantes[N]),0) -> 0 | D11: =_xlfn.XLOOKUP(A11,tbFertilizantes[Produto],tbFertilizantes[P],0) -> 0 | E11: =_xlfn.XLOOKUP(A11,tbFertilizantes[Produto],tbFertilizantes[K],0) -> 0 | F11: =_xlfn.XLOOKUP(A11,tbFertilizantes[Produto],tbFertilizantes[Ca],0) -> 0 | G11: =_xlfn.XLOOKUP(A11,tbFertilizantes[Produto],tbFertilizantes[Mg],0) -> 0 | H11: =_xlfn.XLOOKUP(A11,tbFertilizantes[Produto],tbFertilizantes[S],0) -> 0 | I11: =_xlfn.XLOOKUP(A11,tbFertilizantes[Produto],tbFertilizantes[Fe],0) -> 0 | J11: =_xlfn.XLOOKUP(A11,tbFertilizantes[Produto],tbFertilizantes[Zn],0) -> 0 | K11: =_xlfn.XLOOKUP(A11,tbFertilizantes[Produto],tbFertilizantes[Zn],0) -> 0 | L11: =_xlfn.XLOOKUP(A11,tbFertilizantes[Produto],tbFertilizantes[B],0) -> 0 | M11: =_xlfn.XLOOKUP(A11,tbFertilizantes[Produto],tbFertilizantes[Cu],0) -> 0 | N11: =_xlfn.XLOOKUP(A11,tbFertilizantes[Produto],tbFertilizantes[Mo],0) -> 0 | Q11: =IF(COUNTA(A11:A25)>0,"✅ Calculando","⚪ Sem dados") -> ✅ Calculando | R11: =tbCore[[#This Row],[ g/L]]*tbCore[[#This Row],[N]]*10 -> 0 | S11: =tbCore[[#This Row],[ g/L]]*tbCore[[#This Row],[P]]*10 -> 0 | T11: =tbCore[[#This Row],[ g/L]]*tbCore[[#This Row],[K]]*10 -> 0 | U11: =tbCore[[#This Row],[ g/L]]*tbCore[[#This Row],[Ca]]*10 -> 0 | V11: =tbCore[[#This Row],[ g/L]]*tbCore[[#This Row],[Mg]]*10 -> 0 | W11: =tbCore[[#This Row],[ g/L]]*tbCore[[#This Row],[S]]*10 -> 0 | X11: =tbCore[[#This Row],[ g/L]]*tbCore[[#This Row],[Fe]]*10 -> 0 | Y11: =tbCore[[#This Row],[ g/L]]*tbCore[[#This Row],[Mn]]*10 -> 0 | Z11: =tbCore[[#This Row],[ g/L]]*tbCore[[#This Row],[Zn]]*10 -> 0 | AA11: =tbCore[[#This Row],[ g/L]]*tbCore[[#This Row],[B]]*10 -> 0 | AB11: =tbCore[[#This Row],[ g/L]]*tbCore[[#This Row],[Cu]]*10 -> 0 | AC11: =tbCore[[#This Row],[ g/L]]*tbCore[[#This Row],[Mo]]*10 -> 0
A12: =Formulação!A24 -> 0 | B12: =Formulação!B24 -> 0 | C12: =IFERROR(_xlfn.XLOOKUP(A12,tbFertilizantes[Produto],tbFertilizantes[N]),0) -> 0 | D12: =_xlfn.XLOOKUP(A12,tbFertilizantes[Produto],tbFertilizantes[P],0) -> 0 | E12: =_xlfn.XLOOKUP(A12,tbFertilizantes[Produto],tbFertilizantes[K],0) -> 0 | F12: =_xlfn.XLOOKUP(A12,tbFertilizantes[Produto],tbFertilizantes[Ca],0) -> 0 | G12: =_xlfn.XLOOKUP(A12,tbFertilizantes[Produto],tbFertilizantes[Mg],0) -> 0 | H12: =_xlfn.XLOOKUP(A12,tbFertilizantes[Produto],tbFertilizantes[S],0) -> 0 | I12: =_xlfn.XLOOKUP(A12,tbFertilizantes[Produto],tbFertilizantes[Fe],0) -> 0 | J12: =_xlfn.XLOOKUP(A12,tbFertilizantes[Produto],tbFertilizantes[Zn],0) -> 0 | K12: =_xlfn.XLOOKUP(A12,tbFertilizantes[Produto],tbFertilizantes[Zn],0) -> 0 | L12: =_xlfn.XLOOKUP(A12,tbFertilizantes[Produto],tbFertilizantes[B],0) -> 0 | M12: =_xlfn.XLOOKUP(A12,tbFertilizantes[Produto],tbFertilizantes[Cu],0) -> 0 | N12: =_xlfn.XLOOKUP(A12,tbFertilizantes[Produto],tbFertilizantes[Mo],0) -> 0 | Q12: =IF(COUNTA(A12:A26)>0,"✅ Calculando","⚪ Sem dados") -> ✅ Calculando | R12: =tbCore[[#This Row],[ g/L]]*tbCore[[#This Row],[N]]*10 -> 0 | S12: =tbCore[[#This Row],[ g/L]]*tbCore[[#This Row],[P]]*10 -> 0 | T12: =tbCore[[#This Row],[ g/L]]*tbCore[[#This Row],[K]]*10 -> 0 | U12: =tbCore[[#This Row],[ g/L]]*tbCore[[#This Row],[Ca]]*10 -> 0 | V12: =tbCore[[#This Row],[ g/L]]*tbCore[[#This Row],[Mg]]*10 -> 0 | W12: =tbCore[[#This Row],[ g/L]]*tbCore[[#This Row],[S]]*10 -> 0 | X12: =tbCore[[#This Row],[ g/L]]*tbCore[[#This Row],[Fe]]*10 -> 0 | Y12: =tbCore[[#This Row],[ g/L]]*tbCore[[#This Row],[Mn]]*10 -> 0 | Z12: =tbCore[[#This Row],[ g/L]]*tbCore[[#This Row],[Zn]]*10 -> 0 | AA12: =tbCore[[#This Row],[ g/L]]*tbCore[[#This Row],[B]]*10 -> 0 | AB12: =tbCore[[#This Row],[ g/L]]*tbCore[[#This Row],[Cu]]*10 -> 0 | AC12: =tbCore[[#This Row],[ g/L]]*tbCore[[#This Row],[Mo]]*10 -> 0
A13: =Formulação!A25 -> 0 | B13: =Formulação!B25 -> 0 | C13: =IFERROR(_xlfn.XLOOKUP(A13,tbFertilizantes[Produto],tbFertilizantes[N]),0) -> 0 | D13: =_xlfn.XLOOKUP(A13,tbFertilizantes[Produto],tbFertilizantes[P],0) -> 0 | E13: =_xlfn.XLOOKUP(A13,tbFertilizantes[Produto],tbFertilizantes[K],0) -> 0 | F13: =_xlfn.XLOOKUP(A13,tbFertilizantes[Produto],tbFertilizantes[Ca],0) -> 0 | G13: =_xlfn.XLOOKUP(A13,tbFertilizantes[Produto],tbFertilizantes[Mg],0) -> 0 | H13: =_xlfn.XLOOKUP(A13,tbFertilizantes[Produto],tbFertilizantes[S],0) -> 0 | I13: =_xlfn.XLOOKUP(A13,tbFertilizantes[Produto],tbFertilizantes[Fe],0) -> 0 | J13: =_xlfn.XLOOKUP(A13,tbFertilizantes[Produto],tbFertilizantes[Zn],0) -> 0 | K13: =_xlfn.XLOOKUP(A13,tbFertilizantes[Produto],tbFertilizantes[Zn],0) -> 0 | L13: =_xlfn.XLOOKUP(A13,tbFertilizantes[Produto],tbFertilizantes[B],0) -> 0 | M13: =_xlfn.XLOOKUP(A13,tbFertilizantes[Produto],tbFertilizantes[Cu],0) -> 0 | N13: =_xlfn.XLOOKUP(A13,tbFertilizantes[Produto],tbFertilizantes[Mo],0) -> 0 | Q13: =IF(COUNTA(A13:A27)>0,"✅ Calculando","⚪ Sem dados") -> ✅ Calculando | R13: =tbCore[[#This Row],[ g/L]]*tbCore[[#This Row],[N]]*10 -> 0 | S13: =tbCore[[#This Row],[ g/L]]*tbCore[[#This Row],[P]]*10 -> 0 | T13: =tbCore[[#This Row],[ g/L]]*tbCore[[#This Row],[K]]*10 -> 0 | U13: =tbCore[[#This Row],[ g/L]]*tbCore[[#This Row],[Ca]]*10 -> 0 | V13: =tbCore[[#This Row],[ g/L]]*tbCore[[#This Row],[Mg]]*10 -> 0 | W13: =tbCore[[#This Row],[ g/L]]*tbCore[[#This Row],[S]]*10 -> 0 | X13: =tbCore[[#This Row],[ g/L]]*tbCore[[#This Row],[Fe]]*10 -> 0 | Y13: =tbCore[[#This Row],[ g/L]]*tbCore[[#This Row],[Mn]]*10 -> 0 | Z13: =tbCore[[#This Row],[ g/L]]*tbCore[[#This Row],[Zn]]*10 -> 0 | AA13: =tbCore[[#This Row],[ g/L]]*tbCore[[#This Row],[B]]*10 -> 0 | AB13: =tbCore[[#This Row],[ g/L]]*tbCore[[#This Row],[Cu]]*10 -> 0 | AC13: =tbCore[[#This Row],[ g/L]]*tbCore[[#This Row],[Mo]]*10 -> 0
... A16: =Formulação!A28 -> 0 | B16: =Formulação!B28 -> 0 | C16: =IFERROR(_xlfn.XLOOKUP(A16,tbFertilizantes[Produto],tbFertilizantes[N]),0) -> 0 | D16: =_xlfn.XLOOKUP(A16,tbFertilizantes[Produto],tbFertilizantes[P],0) -> 0 | E16: =_xlfn.XLOOKUP(A16,tbFertilizantes[Produto],tbFertilizantes[K],0) -> 0 | F16: =_xlfn.XLOOKUP(A16,tbFertilizantes[Produto],tbFertilizantes[Ca],0) -> 0 | G16: =_xlfn.XLOOKUP(A16,tbFertilizantes[Produto],tbFertilizantes[Mg],0) -> 0 | H16: =_xlfn.XLOOKUP(A16,tbFertilizantes[Produto],tbFertilizantes[S],0) -> 0 | I16: =_xlfn.XLOOKUP(A16,tbFertilizantes[Produto],tbFertilizantes[Fe],0) -> 0 | J16: =_xlfn.XLOOKUP(A16,tbFertilizantes[Produto],tbFertilizantes[Zn],0) -> 0 | K16: =_xlfn.XLOOKUP(A16,tbFertilizantes[Produto],tbFertilizantes[Zn],0) -> 0 | L16: =_xlfn.XLOOKUP(A16,tbFertilizantes[Produto],tbFertilizantes[B],0) -> 0 | M16: =_xlfn.XLOOKUP(A16,tbFertilizantes[Produto],tbFertilizantes[Cu],0) -> 0 | N16: =_xlfn.XLOOKUP(A16,tbFertilizantes[Produto],tbFertilizantes[Mo],0) -> 0 | Q16: =IF(COUNTA(A16:A30)>0,"✅ Calculando","⚪ Sem dados") -> ✅ Calculando | R16: =tbCore[[#This Row],[ g/L]]*tbCore[[#This Row],[N]]*10 -> 0 | S16: =tbCore[[#This Row],[ g/L]]*tbCore[[#This Row],[P]]*10 -> 0 | T16: =tbCore[[#This Row],[ g/L]]*tbCore[[#This Row],[K]]*10 -> 0 | U16: =tbCore[[#This Row],[ g/L]]*tbCore[[#This Row],[Ca]]*10 -> 0 | V16: =tbCore[[#This Row],[ g/L]]*tbCore[[#This Row],[Mg]]*10 -> 0 | W16: =tbCore[[#This Row],[ g/L]]*tbCore[[#This Row],[S]]*10 -> 0 | X16: =tbCore[[#This Row],[ g/L]]*tbCore[[#This Row],[Fe]]*10 -> 0 | Y16: =tbCore[[#This Row],[ g/L]]*tbCore[[#This Row],[Mn]]*10 -> 0 | Z16: =tbCore[[#This Row],[ g/L]]*tbCore[[#This Row],[Zn]]*10 -> 0 | AA16: =tbCore[[#This Row],[ g/L]]*tbCore[[#This Row],[B]]*10 -> 0 | AB16: =tbCore[[#This Row],[ g/L]]*tbCore[[#This Row],[Cu]]*10 -> 0 | AC16: =tbCore[[#This Row],[ g/L]]*tbCore[[#This Row],[Mo]]*10 -> 0
A20: Nutriente | B20: Total ppm
A21: Nitrogênio (N) | B21: =SUM(tbCore[N ppm]) -> 0
A22: Fósforo (P) | B22: =SUM(tbCore[P ppm]) -> 0
A23: Potássio (K) | B23: =SUM(tbCore[K ppm]) -> 0
A24: Cálcio (Ca) | B24: =SUM(tbCore[Ca ppm]) -> 0
A25: Magnésio (Mg) | B25: =SUM(tbCore[Mg ppm]) -> 0
A26: Enxofre (S) | B26: =SUM(tbCore[S ppm]) -> 0
A27: Ferro (Fe) | B27: =SUM(tbCore[Fe ppm]) -> 0
A28: Manganês (Mn) | B28: =SUM(tbCore[Mn ppm]) -> 0
A29: Zinco (Zn) | B29: =SUM(tbCore[Zn ppm]) -> 0
A30: Boro (B) | B30: =SUM(tbCore[B ppm]) -> 0
A31: Cobre (Cu) | B31: =SUM(tbCore[Cu ppm]) -> 0
A32: Molibdênio (Mo) | B32: =SUM(tbCore[Mo ppm]) -> 0

Sheet Planilha2
A1: CORE ENGINE

Sheet Resultados
A1: Nutriente | B1: ppm | C1: Meta | D1: Diferença | E1: Status | F1: Desvio(%)
A2: N | B2: =Core!B21 -> 0 | C2: =Tabela6[[#This Row],[Alvo MVP]] -> 0 | D2: =B2-C2 -> 0 | E2: =IF(ABS(D2)<=10,"🟢 Ideal",IF(ABS(D2)<=20,"🟡 Ajustar","🔴 Fora da faixa")) -> 🟢 Ideal | F2: =((Tabela5[[#This Row],[ppm]]-Tabela5[[#This Row],[Meta]])/Tabela5[[#This Row],[Meta]])*100 -> #DIV/0!
A3: P | B3: =Core!B22 -> 0 | C3: =Tabela6[[#This Row],[Alvo MVP]] -> 0 | D3: =B3-C3 -> 0 | E3: =IF(ABS(D3)<=10,"🟢 Ideal",IF(ABS(D3)<=20,"🟡 Ajustar","🔴 Fora da faixa")) -> 🟢 Ideal | F3: =((Tabela5[[#This Row],[ppm]]-Tabela5[[#This Row],[Meta]])/Tabela5[[#This Row],[Meta]])*100 -> #DIV/0!
A4: K | B4: =Core!B23 -> 0 | C4: =Tabela6[[#This Row],[Alvo MVP]] -> 0 | D4: =B4-C4 -> 0 | E4: =IF(ABS(D4)<=10,"🟢 Ideal",IF(ABS(D4)<=20,"🟡 Ajustar","🔴 Fora da faixa")) -> 🟢 Ideal | F4: =((Tabela5[[#This Row],[ppm]]-Tabela5[[#This Row],[Meta]])/Tabela5[[#This Row],[Meta]])*100 -> #DIV/0!
A5: Ca | B5: =Core!B24 -> 0 | C5: =Tabela6[[#This Row],[Alvo MVP]] -> 0 | D5: =B5-C5 -> 0 | E5: =IF(ABS(D5)<=10,"🟢 Ideal",IF(ABS(D5)<=20,"🟡 Ajustar","🔴 Fora da faixa")) -> 🟢 Ideal | F5: =((Tabela5[[#This Row],[ppm]]-Tabela5[[#This Row],[Meta]])/Tabela5[[#This Row],[Meta]])*100 -> #DIV/0!
A6: Mg | B6: =Core!B25 -> 0 | C6: =Tabela6[[#This Row],[Alvo MVP]] -> 0 | D6: =B6-C6 -> 0 | E6: =IF(ABS(D6)<=10,"🟢 Ideal",IF(ABS(D6)<=20,"🟡 Ajustar","🔴 Fora da faixa")) -> 🟢 Ideal | F6: =((Tabela5[[#This Row],[ppm]]-Tabela5[[#This Row],[Meta]])/Tabela5[[#This Row],[Meta]])*100 -> #DIV/0!
A7: S | B7: =Core!B26 -> 0 | C7: =Tabela6[[#This Row],[Alvo MVP]] -> 0 | D7: =B7-C7 -> 0 | E7: =IF(ABS(D7)<=10,"🟢 Ideal",IF(ABS(D7)<=20,"🟡 Ajustar","🔴 Fora da faixa")) -> 🟢 Ideal | F7: =((Tabela5[[#This Row],[ppm]]-Tabela5[[#This Row],[Meta]])/Tabela5[[#This Row],[Meta]])*100 -> #DIV/0!
A8: Fe | B8: =Core!B27 -> 0 | C8: =Tabela6[[#This Row],[Alvo MVP]] -> 0 | D8: =B8-C8 -> 0 | E8: =IF(ABS(D8)<=10,"🟢 Ideal",IF(ABS(D8)<=20,"🟡 Ajustar","🔴 Fora da faixa")) -> 🟢 Ideal | F8: =((Tabela5[[#This Row],[ppm]]-Tabela5[[#This Row],[Meta]])/Tabela5[[#This Row],[Meta]])*100 -> #DIV/0!
A9: Mn | B9: =Core!B28 -> 0 | C9: =Tabela6[[#This Row],[Alvo MVP]] -> 0 | D9: =B9-C9 -> 0 | E9: =IF(ABS(D9)<=10,"🟢 Ideal",IF(ABS(D9)<=20,"🟡 Ajustar","🔴 Fora da faixa")) -> 🟢 Ideal | F9: =((Tabela5[[#This Row],[ppm]]-Tabela5[[#This Row],[Meta]])/Tabela5[[#This Row],[Meta]])*100 -> #DIV/0!
A10: Zn | B10: =Core!B29 -> 0 | C10: =Tabela6[[#This Row],[Alvo MVP]] -> 0 | D10: =B10-C10 -> 0 | E10: =IF(ABS(D10)<=10,"🟢 Ideal",IF(ABS(D10)<=20,"🟡 Ajustar","🔴 Fora da faixa")) -> 🟢 Ideal | F10: =((Tabela5[[#This Row],[ppm]]-Tabela5[[#This Row],[Meta]])/Tabela5[[#This Row],[Meta]])*100 -> #DIV/0!
A11: B | B11: =Core!B30 -> 0 | C11: =Tabela6[[#This Row],[Alvo MVP]] -> 0 | D11: =B11-C11 -> 0 | E11: =IF(ABS(D11)<=10,"🟢 Ideal",IF(ABS(D11)<=20,"🟡 Ajustar","🔴 Fora da faixa")) -> 🟢 Ideal | F11: =((Tabela5[[#This Row],[ppm]]-Tabela5[[#This Row],[Meta]])/Tabela5[[#This Row],[Meta]])*100 -> #DIV/0!
A12: Cu | B12: =Core!B31 -> 0 | C12: =Tabela6[[#This Row],[Alvo MVP]] -> 0 | D12: =B12-C12 -> 0 | E12: =IF(ABS(D12)<=10,"🟢 Ideal",IF(ABS(D12)<=20,"🟡 Ajustar","🔴 Fora da faixa")) -> 🟢 Ideal | F12: =((Tabela5[[#This Row],[ppm]]-Tabela5[[#This Row],[Meta]])/Tabela5[[#This Row],[Meta]])*100 -> #DIV/0!
A13: Mo | B13: =Core!B32 -> 0 | C13: =Tabela6[[#This Row],[Alvo MVP]] -> 0 | D13: =B13-C13 -> 0 | E13: =IF(ABS(D13)<=10,"🟢 Ideal",IF(ABS(D13)<=20,"🟡 Ajustar","🔴 Fora da faixa")) -> 🟢 Ideal | F13: =((Tabela5[[#This Row],[ppm]]-Tabela5[[#This Row],[Meta]])/Tabela5[[#This Row],[Meta]])*100 -> #DIV/0!
K16: Diagnóstico Geral

Sheet Testes
A1: ID | B1: Fertilizante | C1: g/L | D1: Nutriente | E1: Valor Esperado | F1: Valor Calculado | G1: Diferença | H1: Status
A2: T001 | B2: Nitrato de cálcio | D2: N | G2: =Tabela4[[#This Row],[Valor Calculado]]-Tabela4[[#This Row],[Valor Esperado]] -> 0 | H2: =IF(Tabela4[[#This Row],[Diferença]]=0,"✅ Aprovado","❌ Revisar") -> ✅ Aprovado
A3: T002 | B3: Nitrato de cálcio | D3: Ca | G3: =Tabela4[[#This Row],[Valor Calculado]]-Tabela4[[#This Row],[Valor Esperado]] -> 0 | H3: =IF(Tabela4[[#This Row],[Diferença]]=0,"✅ Aprovado","❌ Revisar") -> ✅ Aprovado
A4: T003 | B4: MKP | D4: P | G4: =Tabela4[[#This Row],[Valor Calculado]]-Tabela4[[#This Row],[Valor Esperado]] -> 0 | H4: =IF(Tabela4[[#This Row],[Diferença]]=0,"✅ Aprovado","❌ Revisar") -> ✅ Aprovado
A5: T004 | B5: MKP | D5: K | G5: =Tabela4[[#This Row],[Valor Calculado]]-Tabela4[[#This Row],[Valor Esperado]] -> 0 | H5: =IF(Tabela4[[#This Row],[Diferença]]=0,"✅ Aprovado","❌ Revisar") -> ✅ Aprovado
A6: T005 | B6: Sulfato de magnésio | D6: Mg | G6: =Tabela4[[#This Row],[Valor Calculado]]-Tabela4[[#This Row],[Valor Esperado]] -> 0 | H6: =IF(Tabela4[[#This Row],[Diferença]]=0,"✅ Aprovado","❌ Revisar") -> ✅ Aprovado
A7: T006 | B7: Sulfato de magnésio | D7: S | G7: =Tabela4[[#This Row],[Valor Calculado]]-Tabela4[[#This Row],[Valor Esperado]] -> 0 | H7: =IF(Tabela4[[#This Row],[Diferença]]=0,"✅ Aprovado","❌ Revisar") -> ✅ Aprovado

Sheet Receitas
A1: Nome | B1: Versão | C1: Autor | D1: Data | E1: Substrato | F1: Cultivo | G1: Fase | H1: Volume | I1: Água | J1: Observações | M1: Fertilizante | N1: g/L
I2: 2
